LMA,Town
Charlestown NH LMA,Alstead
Keene NH Micropolitan NECTA,Chesterfield
Peterborough NH LMA,Dublin
Peterborough NH LMA,Fitzwilliam
Keene NH Micropolitan NECTA,Gilsum
Keene NH Micropolitan NECTA,Harrisville
Brattleboro VT_NH LMA,Hinsdale
Peterborough NH LMA,Jaffrey
Keene NH Micropolitan NECTA,Marlborough
Keene NH Micropolitan NECTA,Marlow
Keene NH Micropolitan NECTA,Nelson
Keene NH Micropolitan NECTA,Richmond
Peterborough NH LMA,Rindge
Keene NH Micropolitan NECTA,Roxbury
Hillsborough NH LMA,Stoddard
Keene NH Micropolitan NECTA,Sullivan
Keene NH Micropolitan NECTA,Surry
Keene NH Micropolitan NECTA,Swanzey
Keene NH Micropolitan NECTA,Troy
Charlestown NH LMA,Walpole
Keene NH Micropolitan NECTA,Westmoreland
Keene NH Micropolitan NECTA,Winchester
Peterborough NH LMA,Antrim
Peterborough NH LMA,Bennington
Nashua NH_MA NECTA Division,Greenfield
Nashua NH_MA NECTA Division,Greenville
Peterborough NH LMA,Hancock
Peterborough NH LMA,New Ipswich
Peterborough NH LMA,Peterborough
Peterborough NH LMA,Sharon
Nashua NH_MA NECTA Division,Temple
Hillsborough NH LMA,Windsor
Charlestown NH LMA,Langdon
Keene NH Micropolitan NECTA,Keene